id,time,Valence,Arousal,Dominance,emotion,Found Words,Sadness,Joy,Trust,Fear,Surprise,Anticipation,Anger,Disgust
0,2022-08-18T18:10:35.000Z,6.503333333333333,4.37,6.82,Trust,"['super', 'quick', 'language']",0.03,0.03,0.72,0.03,0.03,0.03,0.03,0.03
1,2022-05-28T18:57:23.000Z,6.18,3.43,5.94,Surprise,['send'],0.03,0.03,0.03,0.03,0.69,0.03,0.03,0.03
2,2022-05-28T18:25:40.000Z,5.1,3.7625,5.625,Fear,"['take', 'note', 'issue', 'resolve']",0.05,0.05,0.05,0.57,0.05,0.05,0.05,0.05
3,2022-05-28T18:16:31.000Z,5.226875,4.355625,5.240625,Fear,"['passenger', 'travel', 'reservation', 'people', 'sit', 'floor', 'train', 'neg-make', 'separate', 'arrangement', 'issue', 'neg-management', 'issue', 'health', 'risk', 'elderly']",0.05,0.05,0.05,0.58,0.05,0.05,0.05,0.05
4,2022-05-23T14:22:06.000Z,5.95,3.73,6.1,Joy,"['percentage', 'relief', 'finish']",0.03,0.66,0.03,0.03,0.03,0.03,0.03,0.03
5,2022-05-04T05:14:25.000Z,5.9460000000000015,3.642,5.724,Trust,"['hear', 'thing', 'customer', 'care', 'day', 'time', 'frame', 'change', 'investigate', 'investigate']",0.03,0.03,0.66,0.03,0.03,0.03,0.03,0.03
6,2022-05-03T15:38:20.000Z,5.646842105263157,4.037368421052632,5.382631578947367,Anger,"['poor', 'service', 'package', 'travel', 'neg-get', 'neg-deliver', 'location', 'customer', 'service', 'member', 'neg-pick', 'phone', 'cut', 'call', 'middle', 'conversation', 'care', 'customer', 'respond']",0.04,0.04,0.04,0.04,0.04,0.04,0.63,0.04
7,2022-01-22T06:39:10.000Z,4.815,4.165,5.09,Trust,"['see', 'error']",0.05,0.05,0.54,0.05,0.05,0.05,0.05,0.05
8,2021-12-11T17:48:23.000Z,6.09,2.67,5.56,Trust,['one'],0.03,0.03,0.68,0.03,0.03,0.03,0.03,0.03
9,2021-11-11T04:53:35.000Z,6.55,3.38,4.67,Trust,['check'],0.02,0.02,0.73,0.02,0.02,0.02,0.02,0.02
10,2021-10-28T09:46:07.000Z,5.4753333333333325,4.147333333333333,5.624,Fear,"['time', 'use', 'stupid', 'assistant', 'get', 'issue', 'human', 'assistant', 'help', 'use', 'classic', 'customer', 'relationship', 'manager', 'ignorant']",0.04,0.04,0.04,0.61,0.04,0.04,0.04,0.04
11,2021-09-26T13:33:00.000Z,6.833333333333332,4.12,6.166666666666668,Sadness,"['see', 'live', 'grand']",0.76,0.02,0.02,0.02,0.02,0.02,0.02,0.02
12,2021-09-12T17:40:00.000Z,5.715,3.635,5.315,Joy,"['comment', 'age']",0.04,0.64,0.04,0.04,0.04,0.04,0.04,0.04
14,2021-08-08T11:06:54.000Z,5.89,3.556666666666666,6.036666666666666,Trust,"['one', 'locate', 'top']",0.04,0.04,0.65,0.04,0.04,0.04,0.04,0.04
15,2021-07-24T06:33:10.000Z,6.71,3.785,5.97,Surprise,"['first', 'one']",0.02,0.02,0.02,0.02,0.75,0.02,0.02,0.02
16,2021-07-19T13:31:04.000Z,8.0,5.36,5.92,Trust,['love'],0.0,0.0,0.89,0.0,0.0,0.0,0.0,0.0
17,2021-07-19T12:45:28.000Z,5.054545454545455,4.143636363636364,5.148181818181818,Sadness,"['lap', 'incident', 'crew', 'neg-replace', 'wing', 'strap', 'broken', 'piece', 'duct', 'tape', 'reason']",0.56,0.05,0.05,0.05,0.05,0.05,0.05,0.05
18,2021-07-18T19:53:16.000Z,5.226,4.04,5.627999999999999,Surprise,"['comment', 'section', 'toxic', 'see', 'fan']",0.05,0.05,0.05,0.05,0.58,0.05,0.05,0.05
19,2021-07-18T16:37:35.000Z,5.247142857142856,3.7342857142857135,5.7785714285714285,Anticipation,"['ham', 'argument', 'thread', 'let', 'begin', 'case', 'driver']",0.05,0.05,0.05,0.05,0.05,0.58,0.05,0.05
20,2021-07-18T16:33:10.000Z,5.383333333333334,4.3966666666666665,4.756666666666667,Joy,"['bad', 'day', 'guy']",0.04,0.6,0.04,0.04,0.04,0.04,0.04,0.04
21,2021-07-18T15:54:03.000Z,5.17909090909091,4.262727272727273,5.040909090909091,Joy,"['agree', 'race', 'expect', 'fight', 'corner', 'line', 'corner', 'go', 'difficult', 'predict', 'slow']",0.05,0.58,0.05,0.05,0.05,0.05,0.05,0.05
22,2021-07-18T14:51:08.000Z,4.7,4.0939999999999985,4.794,Surprise,"['second', 'penalty', 'serious', 'incident', 'yoke']",0.05,0.05,0.05,0.05,0.52,0.05,0.05,0.05
23,2021-07-16T16:01:52.000Z,5.153333333333333,3.1933333333333334,5.843333333333334,Trust,"['practice', 'session', 'repeat']",0.05,0.05,0.57,0.05,0.05,0.05,0.05,0.05
24,2021-07-03T18:59:32.000Z,3.95,4.55,5.47,Trust,['issue'],0.07,0.07,0.44,0.07,0.07,0.07,0.07,0.07
25,2021-06-27T19:00:09.000Z,5.488571428571428,3.83,5.38857142857143,Joy,"['plan', 'update', 'power', 'unit', 'bridge', 'gap', 'line']",0.04,0.61,0.04,0.04,0.04,0.04,0.04,0.04
26,2021-06-22T04:16:09.000Z,5.7620000000000005,3.8080000000000003,5.7360000000000015,Surprise,"['major', 'difference', 'strategic', 'approach', 'accord']",0.04,0.04,0.04,0.04,0.64,0.04,0.04,0.04
27,2021-06-19T18:33:54.000Z,5.352857142857141,3.5771428571428565,5.218571428571427,Fear,"['one', 'need', 'see', 'reaction', 'line', 'break', 'wall']",0.04,0.04,0.04,0.59,0.04,0.04,0.04,0.04
28,2021-06-19T05:09:00.000Z,5.6850000000000005,3.96,5.593333333333334,Trust,"['customer', 'need', 'electric', 'vehicle', 'charge', 'meet']",0.04,0.04,0.63,0.04,0.04,0.04,0.04,0.04
29,2021-06-19T05:08:46.000Z,5.51857142857143,4.771428571428571,5.637142857142857,Trust,"['awesome', 'people', 'start', 'roam', 'wave', 'come', 'kill']",0.04,0.04,0.61,0.04,0.04,0.04,0.04,0.04
30,2021-06-19T05:08:01.000Z,5.545,3.7691666666666666,5.7925,Trust,"['power', 'happen', 'reason', 'mention', 'resolve', 'take', 'matter', 'provide', 'contact', 'number', 'office', 'issue']",0.04,0.04,0.62,0.04,0.04,0.04,0.04,0.04
31,2021-06-17T15:41:26.000Z,5.017222222222221,4.548333333333333,5.263888888888888,Fear,"['sir', 'issue', 'neg-street', 'neg-light', 'insulation', 'break', 'transformer', 'cause', 'explosion', 'street', 'light', 'stop', 'work', 'fix', 'insulation', 'issue', 'avoid', 'future']",0.05,0.05,0.05,0.56,0.05,0.05,0.05,0.05
32,2021-06-17T02:00:54.000Z,7.33,4.9,6.38,Surprise,['first'],0.01,0.01,0.01,0.01,0.81,0.01,0.01,0.01
33,2021-06-17T01:59:46.000Z,5.48125,4.470625,5.623125,Joy,"['research', 'do', 'warrant', 'change', 'vaccine', 'interval', 'week', 'try', 'create', 'conversation', 'flair', 'word', 'neg-help', 'noble', 'cause', 'harsh']",0.04,0.61,0.04,0.04,0.04,0.04,0.04,0.04
34,2021-06-17T01:56:16.000Z,5.045,5.138333333333334,4.84,Joy,"['sir', 'neg-unscheduled', 'work', 'street', 'light', 'neg-work', 'neg-post', 'outage', 'neg-one', 'neg-repair', 'explosion', 'activity']",0.05,0.56,0.05,0.05,0.05,0.05,0.05,0.05
35,2021-06-15T01:45:45.000Z,5.122000000000001,4.308,5.386,Anger,"['power', 'cut', 'fuse', 'road', 'ward', 'people', 'hear', 'explosion', 'power', 'back']",0.05,0.05,0.05,0.05,0.05,0.05,0.57,0.05
37,2021-06-06T14:27:58.000Z,4.706666666666667,4.18,4.98,Fear,"['afraid', 'book', 'full', 'junk', 'try', 'burn']",0.05,0.05,0.05,0.52,0.05,0.05,0.05,0.05
38,2021-06-06T13:55:48.000Z,4.23,6.0,3.78,Trust,['neg-word'],0.06,0.06,0.47,0.06,0.06,0.06,0.06,0.06
39,2021-06-06T13:49:32.000Z,5.3100000000000005,4.0475,5.54,Trust,"['root', 'podium', 'tough', 'start']",0.04,0.04,0.59,0.04,0.04,0.04,0.04,0.04
40,2021-06-06T13:08:40.000Z,6.2733333333333325,4.39,5.77,Trust,"['concern', 'relief', 'dad']",0.03,0.03,0.7,0.03,0.03,0.03,0.03,0.03
41,2021-05-26T16:12:58.000Z,5.501666666666668,4.065,5.545,Anticipation,"['update', 'status', 'road', 'power', 'expect', 'back']",0.04,0.04,0.04,0.04,0.04,0.61,0.04,0.04
42,2021-05-22T14:06:57.000Z,6.295,3.045,6.25,Joy,"['let', 'talk']",0.03,0.7,0.03,0.03,0.03,0.03,0.03,0.03
44,2021-05-20T02:29:35.000Z,5.866666666666666,3.896666666666667,5.3933333333333335,Fear,"['taxpayer', 'lovely', 'nation']",0.04,0.04,0.04,0.65,0.04,0.04,0.04,0.04
45,2021-05-13T15:54:10.000Z,5.32,4.441666666666666,4.915,Sadness,"['impossible', 'end', 'discussion', 'want', 'spend', 'time']",0.59,0.04,0.04,0.04,0.04,0.04,0.04,0.04
46,2021-05-09T14:53:50.000Z,6.8757142857142854,4.172857142857144,5.532857142857144,Sadness,"['guess', 'mom', 'include', 'would', 'pizza', 'kid', 'pizza']",0.76,0.02,0.02,0.02,0.02,0.02,0.02,0.02
47,2021-05-03T03:07:52.000Z,5.11,4.616666666666667,5.2988888888888885,Joy,"['second', 'wave', 'angry', 'angry', 'lose', 'friend', 'colleague', 'loved', 'one']",0.05,0.57,0.05,0.05,0.05,0.05,0.05,0.05
48,2021-04-28T10:47:23.000Z,5.11,3.915,5.593333333333334,Joy,"['registration', 'site', 'neg-work', 'resolve', 'issue', 'hand']",0.05,0.57,0.05,0.05,0.05,0.05,0.05,0.05
49,2021-04-17T03:12:42.000Z,5.6400000000000015,5.1575,5.4350000000000005,Joy,"['like', 'neg-care', 'premium', 'customer']",0.04,0.63,0.04,0.04,0.04,0.04,0.04,0.04
50,2021-04-14T15:01:20.000Z,5.91,3.6563636363636363,6.17,Joy,"['information', 'prime', 'member', 'application', 'basis', 'base', 'apply', 'provide', 'detail', 'regard', 'completion']",0.03,0.66,0.03,0.03,0.03,0.03,0.03,0.03
51,2021-04-14T13:02:16.000Z,5.622272727272726,3.637272727272727,5.292727272727274,Joy,"['try', 'get', 'bank', 'credit', 'card', 'service', 'pathetic', 'try', 'call', 'customer', 'service', 'multiple', 'time', 'time', 'thing', 'want', 'speak', 'put', 'call', 'call', 'get', 'disconnect']",0.04,0.62,0.04,0.04,0.04,0.04,0.04,0.04
52,2021-04-08T15:09:05.000Z,5.404,3.594,5.574,Trust,"['dose', 'may', 'download', 'vaccination', 'certificate']",0.04,0.04,0.6,0.04,0.04,0.04,0.04,0.04
53,2021-04-08T15:08:41.000Z,5.3925,4.67375,5.235,Trust,"['neg-receive', 'first', 'dose', 'vaccine', 'get', 'message', 'neg-name', 'dose']",0.04,0.04,0.6,0.04,0.04,0.04,0.04,0.04
54,2021-04-08T15:02:25.000Z,4.645,4.38,5.13,Trust,"['stop', 'vaccination']",0.05,0.05,0.52,0.05,0.05,0.05,0.05,0.05
55,2021-04-04T02:38:12.000Z,5.272,4.118,5.136,Anticipation,"['wait', 'test', 'drive', 'wait', 'go']",0.04,0.04,0.04,0.04,0.04,0.59,0.04,0.04
56,2021-03-24T03:52:46.000Z,6.621666666666666,4.463333333333333,5.935,Fear,"['congratulation', 'winner', 'contest', 'check', 'link', 'see']",0.02,0.02,0.02,0.74,0.02,0.02,0.02,0.02
57,2021-03-21T14:31:55.000Z,6.625,4.68,6.93,Trust,"['win', 'grand']",0.02,0.02,0.74,0.02,0.02,0.02,0.02,0.02
58,2021-03-14T16:39:12.000Z,5.89,3.82,5.495,Trust,"['chat', 'get', 'ball', 'coincidence']",0.04,0.04,0.65,0.04,0.04,0.04,0.04,0.04
60,2021-03-05T09:46:08.000Z,5.369166666666668,3.9358333333333335,5.431666666666668,Anticipation,"['send', 'email', 'complaint', 'mail', 'id', 'need', 'escalation', 'issue', 'detail', 'send', 'private', 'chat']",0.04,0.04,0.04,0.04,0.04,0.6,0.04,0.04
61,2021-03-03T08:45:56.000Z,5.255,4.6825,5.585,Sadness,"['experience', 'part', 'dealer', 'neg-follow']",0.58,0.05,0.05,0.05,0.05,0.05,0.05,0.05
62,2021-03-01T10:22:11.000Z,5.8820000000000014,3.77,5.5840000000000005,Joy,"['go', 'case', 'find', 'way', 'thing']",0.04,0.65,0.04,0.04,0.04,0.04,0.04,0.04
63,2021-03-01T08:24:16.000Z,5.95125,4.45625,5.4725,Joy,"['book', 'vehicle', 'neg-get', 'test', 'drive', 'look', 'like', 'go']",0.03,0.66,0.03,0.03,0.03,0.03,0.03,0.03
64,2021-02-28T12:38:29.000Z,5.41,4.0,6.22,Surprise,['explain'],0.04,0.04,0.04,0.04,0.6,0.04,0.04,0.04
65,2021-02-27T03:09:29.000Z,5.326666666666666,4.427777777777779,4.998888888888889,Trust,"['signal', 'telegram', 'face', 'situation', 'new', 'social', 'medium', 'rule', 'threaten']",0.04,0.04,0.59,0.04,0.04,0.04,0.04,0.04
66,2021-02-27T03:03:18.000Z,5.8575,3.70625,5.82375,Trust,"['time', 'issue', 'leader', 'customer', 'care', 'tweet', 'get', 'fix']",0.04,0.04,0.65,0.04,0.04,0.04,0.04,0.04
67,2021-02-18T12:27:01.000Z,5.4444444444444455,4.361111111111111,5.681111111111113,Trust,"['thanks', 'escalate', 'issue', 'get', 'reply', 'dealer', 'team', 'test', 'drive']",0.04,0.04,0.6,0.04,0.04,0.04,0.04,0.04
68,2021-02-18T02:26:13.000Z,5.8575,3.6225,5.7575,Anger,"['contact', 'person', 'number', 'guy', 'take', 'meter', 'able', 'update', 'share', 'office', 'contact', 'fix']",0.04,0.04,0.04,0.04,0.04,0.04,0.65,0.04
69,2021-02-18T02:21:49.000Z,5.4785714285714295,4.260714285714286,5.572857142857144,Trust,"['seem', 'support', 'team', 'dealer', 'network', 'motor', 'useless', 'sir', 'amazing', 'design', 'neg-seem', 'back', 'folk', 'sell']",0.04,0.04,0.61,0.04,0.04,0.04,0.04,0.04
70,2021-02-12T17:06:59.000Z,5.87,4.3625,5.8025,Trust,"['would', 'like', 'power', 'mug']",0.04,0.04,0.65,0.04,0.04,0.04,0.04,0.04
71,2021-02-12T16:03:04.000Z,6.1179999999999986,4.113,5.654,Joy,"['courtesy', 'bring', 'car', 'potential', 'buyer', 'expect', 'service', 'first', 'step', 'careless']",0.03,0.68,0.03,0.03,0.03,0.03,0.03,0.03
72,2021-02-07T08:43:55.000Z,6.237,3.66,5.849,Fear,"['finger', 'cross', 'sure', 'come', 'set', 'feeling', 'pray', 'safety', 'brother', 'sister']",0.03,0.03,0.03,0.69,0.03,0.03,0.03,0.03
73,2021-02-01T15:59:44.000Z,5.624,4.072,5.558,Anticipation,"['wait', 'update', 'road', 'run', 'apartment']",0.04,0.04,0.04,0.04,0.04,0.62,0.04,0.04
74,2021-02-01T15:52:40.000Z,5.5683333333333325,3.64,5.736666666666666,Anticipation,"['look', 'update', 'status', 'product', 'reference', 'number']",0.04,0.04,0.04,0.04,0.04,0.62,0.04,0.04
75,2021-01-13T14:46:46.000Z,6.196428571428571,3.709285714285714,6.02,Surprise,"['thank', 'effort', 'customer', 'issue', 'see', 'accord', 'support', 'representative', 'representative', 'good', 'see', 'customer', 'support', 'provide']",0.03,0.03,0.03,0.03,0.69,0.03,0.03,0.03
76,2021-01-06T14:23:22.000Z,5.898888888888887,3.8844444444444446,5.59,Trust,"['enable', 'private', 'account', 'share', 'provide', 'contact', 'point', 'provide', 'info']",0.03,0.03,0.66,0.03,0.03,0.03,0.03,0.03
77,2021-01-06T06:50:41.000Z,5.515,4.22,5.595,Sadness,"['neg-report', 'register', 'mobile', 'number']",0.61,0.04,0.04,0.04,0.04,0.04,0.04,0.04
78,2021-01-06T03:52:13.000Z,4.885,4.59,5.3675,Trust,"['neg-power', 'road', 'power', 'issue']",0.05,0.05,0.54,0.05,0.05,0.05,0.05,0.05
80,2020-11-30T14:50:37.000Z,5.233333333333333,4.125,5.385,Anger,"['suppose', 'communicate', 'representative', 'representative', 'neg-pick', 'call']",0.05,0.05,0.05,0.05,0.05,0.05,0.58,0.05
81,2020-11-30T02:19:23.000Z,5.3373684210526315,4.094736842105264,5.737894736842105,Trust,"['true', 'put', 'fake', 'advertisement', 'false', 'claim', 'make', 'customer', 'query', 'create', 'request', 'resolve', 'request', 'day', 'ask', 'customer', 'issue', 'pathetic', 'company']",0.04,0.04,0.59,0.04,0.04,0.04,0.04,0.04
82,2020-11-29T03:37:13.000Z,4.604,5.2120000000000015,4.81,Anger,"['neg-receive', 'complaint', 'number', 'neg-register', 'neg-complaint']",0.06,0.06,0.06,0.06,0.06,0.06,0.51,0.06
83,2020-11-29T03:33:30.000Z,6.17,3.33,5.78,Anticipation,['contact'],0.03,0.03,0.03,0.03,0.03,0.69,0.03,0.03
84,2020-11-28T13:10:23.000Z,5.5892307692307694,3.707692307692308,5.532307692307692,Trust,"['thank', 'pathetic', 'service', 'decide', 'deactivate', 'month', 'neg-issue', 'fact', 'mention', 'issue', 'day', 'hour', 'show']",0.04,0.04,0.62,0.04,0.04,0.04,0.04,0.04
85,2020-11-28T07:50:41.000Z,5.781904761904763,3.846190476190477,5.73952380952381,Trust,"['issue', 'go', 'service', 'request', 'resolution', 'date', 'push', 'place', 'plan', 'get', 'customer', 'issue', 'portal', 'send', 'direct', 'contact', 'point', 'customer', 'care', 'representative', 'representative']",0.04,0.04,0.64,0.04,0.04,0.04,0.04,0.04
86,2020-11-28T07:34:58.000Z,5.108333333333333,3.65,5.58,Sadness,"['sad', 'customer', 'satisfaction', 'miss', 'spend', 'product']",0.57,0.05,0.05,0.05,0.05,0.05,0.05,0.05
87,2020-11-28T06:09:53.000Z,5.0725,4.0275,5.57,Trust,"['send', 'email', 'ask', 'chat', 'regard', 'issue', 'reply', 'urgent', 'shameful', 'miss', 'dealership', 'end']",0.05,0.05,0.56,0.05,0.05,0.05,0.05,0.05
88,2020-11-26T13:56:34.000Z,7.51,4.98,7.0,Trust,['true'],0.01,0.01,0.83,0.01,0.01,0.01,0.01,0.01
89,2020-11-24T06:55:02.000Z,4.958571428571427,4.424285714285714,5.324285714285715,Trust,"['update', 'issue', 'tell', 'would', 'resolve', 'neg-see', 'neg-update']",0.05,0.05,0.55,0.05,0.05,0.05,0.05,0.05
90,2020-11-20T05:55:00.000Z,5.945,3.505,6.79,Joy,"['share', 'detail']",0.03,0.66,0.03,0.03,0.03,0.03,0.03,0.03
91,2020-11-20T05:19:22.000Z,6.54,3.6866666666666665,6.766666666666668,Joy,"['thanks', 'share', 'detail']",0.02,0.73,0.02,0.02,0.02,0.02,0.02,0.02
93,2020-11-20T04:24:16.000Z,5.651818181818181,3.606363636363637,5.9390909090909085,Trust,"['recharge', 'number', 'help', 'revert', 'back', 'send', 'amount', 'back', 'account', 'message', 'detail']",0.04,0.04,0.63,0.04,0.04,0.04,0.04,0.04
94,2020-11-08T05:13:41.000Z,5.14,5.9,4.19,Trust,['crazy'],0.05,0.05,0.57,0.05,0.05,0.05,0.05,0.05
95,2020-10-28T17:46:31.000Z,6.211666666666668,5.0633333333333335,5.846666666666668,Joy,"['float', 'like', 'sting', 'like', 'speed', 'speed']",0.03,0.69,0.03,0.03,0.03,0.03,0.03,0.03
96,2020-10-18T15:24:31.000Z,5.843333333333334,3.75,6.37,Trust,"['thanks', 'resolve', 'issue']",0.04,0.04,0.65,0.04,0.04,0.04,0.04,0.04
97,2020-10-18T12:47:15.000Z,5.105,4.235,5.16875,Disgust,"['unable', 'premium', 'account', 'frustrating', 'send', 'email', 'support', 'issue']",0.05,0.05,0.05,0.05,0.05,0.05,0.05,0.57
98,2020-10-11T07:12:16.000Z,5.775,4.904999999999999,5.275,Trust,"['think', 'chairman', 'neg-offence', 'neg-intend']",0.04,0.04,0.64,0.04,0.04,0.04,0.04,0.04
99,2020-10-07T15:21:05.000Z,5.397333333333332,3.994,5.597333333333332,Trust,"['power', 'neg-back', 'road', 'hour', 'understand', 'annual', 'issue', 'prior', 'information', 'unacceptable', 'request', 'let', 'know', 'power', 'back']",0.04,0.04,0.6,0.04,0.04,0.04,0.04,0.04
100,2020-10-07T13:53:52.000Z,6.615,4.31,6.535,Surprise,"['find', 'interesting']",0.02,0.02,0.02,0.02,0.74,0.02,0.02,0.02
101,2020-10-07T13:30:14.000Z,6.12,4.1433333333333335,6.596666666666668,Fear,"['add', 'help', 'case']",0.03,0.03,0.03,0.68,0.03,0.03,0.03,0.03
102,2020-10-07T13:24:52.000Z,6.0175,3.6125,5.9975000000000005,Anticipation,"['send', 'email', 'send', 'respond']",0.03,0.03,0.03,0.03,0.03,0.67,0.03,0.03
103,2020-10-06T05:21:32.000Z,6.3,3.38,5.463333333333334,Sadness,"['send', 'check', 'contact']",0.7,0.03,0.03,0.03,0.03,0.03,0.03,0.03
104,2020-10-04T06:01:33.000Z,5.25,3.6533333333333333,6.266666666666668,Trust,"['assist', 'resolve', 'issue']",0.05,0.05,0.58,0.05,0.05,0.05,0.05,0.05
105,2020-10-04T06:01:02.000Z,5.2658823529411745,3.796470588235294,5.628823529411764,Trust,"['issue', 'month', 'old', 'external', 'keyboard', 'game', 'keyboard', 'key', 'incorrect', 'example', 'key', 'type', 'pound', 'key', 'mail', 'primary', 'keyboard']",0.04,0.04,0.59,0.04,0.04,0.04,0.04,0.04
106,2020-09-13T16:10:38.000Z,4.1275,4.95,4.8075,Joy,"['mad', 'race', 'drama', 'unfold']",0.06,0.46,0.06,0.06,0.06,0.06,0.06,0.06
107,2020-09-05T08:55:22.000Z,6.4525000000000015,3.9175,5.99,Trust,"['mind', 'get', 'item', 'thanks']",0.03,0.03,0.72,0.03,0.03,0.03,0.03,0.03
108,2020-09-02T10:37:00.000Z,4.9816666666666665,4.203333333333333,5.506666666666668,Joy,"['agent', 'intercept', 'cryptic', 'message', 'control', 'room']",0.05,0.55,0.05,0.05,0.05,0.05,0.05,0.05
109,2020-08-26T09:30:16.000Z,6.11375,3.89,6.0725,Joy,"['thanks', 'effort', 'contact', 'service', 'dealer', 'issue', 'resolve', 'thanks']",0.03,0.68,0.03,0.03,0.03,0.03,0.03,0.03
110,2020-08-20T17:45:04.000Z,6.95,4.29,6.89,Trust,['help'],0.02,0.02,0.77,0.02,0.02,0.02,0.02,0.02
111,2020-08-19T18:10:46.000Z,5.801111111111113,3.99,5.912222222222222,Joy,"['thanks', 'escalate', 'receive', 'call', 'service', 'manager', 'wait', 'part', 'ship']",0.04,0.64,0.04,0.04,0.04,0.04,0.04,0.04
113,2020-08-14T15:19:19.000Z,5.253333333333333,4.056666666666667,5.626666666666668,Fear,"['update', 'case', 'stop']",0.05,0.05,0.05,0.58,0.05,0.05,0.05,0.05
114,2020-08-14T09:46:00.000Z,6.116666666666667,3.9066666666666654,6.12,Surprise,"['assist', 'need', 'help']",0.03,0.03,0.03,0.03,0.68,0.03,0.03,0.03
115,2020-08-14T09:42:43.000Z,5.324285714285714,3.9785714285714286,5.231428571428571,Anger,"['tell', 'time', 'corporation', 'take', 'number', 'email', 'contact']",0.04,0.04,0.04,0.04,0.04,0.04,0.59,0.04
116,2020-08-14T04:25:28.000Z,4.355,3.615,4.555,Sadness,"['complaint', 'id']",0.48,0.06,0.06,0.06,0.06,0.06,0.06,0.06
117,2020-08-13T17:27:24.000Z,4.9225,4.069,5.045,Anger,"['affect', 'negligent', 'service', 'center', 'month', 'day', 'neg-reply', 'complaint', 'file', 'corporate', 'email', 'id', 'pathetic', 'customer', 'service', 'neg-give', 'neg-answer', 'make', 'fake', 'promise']",0.05,0.05,0.05,0.05,0.05,0.05,0.55,0.05
118,2020-07-23T15:10:21.000Z,6.1425,5.2075000000000005,5.71,Fear,"['hope', 'put', 'joke', 'neg-serious']",0.03,0.03,0.03,0.68,0.03,0.03,0.03,0.03
119,2020-07-22T03:56:35.000Z,4.823333333333333,4.4725,5.4975,Fear,"['first', 'fix', 'product', 'problem', 'customer', 'issue', 'talk', 'fix', 'warrior', 'fight', 'dreaded', 'virus']",0.05,0.05,0.05,0.54,0.05,0.05,0.05,0.05
120,2020-07-07T05:38:49.000Z,4.991666666666667,3.806666666666666,5.621666666666666,Trust,"['take', 'issue', 'contact', 'op', 'resolve', 'issue']",0.05,0.05,0.55,0.05,0.05,0.05,0.05,0.05
121,2020-06-29T07:39:53.000Z,5.261666666666667,4.541666666666666,5.491666666666667,Trust,"['sincerity', 'lose', 'customer', 'attitude', 'would', 'lose']",0.05,0.05,0.58,0.05,0.05,0.05,0.05,0.05
122,2020-06-27T06:33:06.000Z,5.477142857142856,3.5785714285714287,5.84857142857143,Disgust,"['add', 'look', 'resolve', 'product', 'cause', 'customer', 'hassle', 'good', 'fan', 'product', 'issue', 'response', 'delay', 'affect']",0.04,0.04,0.04,0.04,0.04,0.04,0.04,0.61
123,2020-06-27T06:29:50.000Z,5.65,4.128,5.917999999999998,Trust,"['neg-response', 'share', 'detail', 'plan', 'contact']",0.04,0.04,0.63,0.04,0.04,0.04,0.04,0.04
124,2020-06-24T06:37:22.000Z,6.246,3.602,6.082000000000002,Joy,"['thanks', 'share', 'contact', 'detail', 'private']",0.03,0.69,0.03,0.03,0.03,0.03,0.03,0.03
125,2020-06-23T04:56:46.000Z,5.837999999999999,3.781,5.843,Joy,"['poor', 'quality', 'camera', 'confirm', 'point', 'place', 'place', 'heavy', 'splash', 'water']",0.04,0.65,0.04,0.04,0.04,0.04,0.04,0.04
126,2020-06-23T04:52:26.000Z,5.336666666666667,3.868333333333333,5.065,Sadness,"['technician', 'come', 'neg-fix', 'replace', 'warranty', 'month']",0.59,0.04,0.04,0.04,0.04,0.04,0.04,0.04
127,2020-06-23T04:50:49.000Z,4.997142857142856,3.8457142857142856,5.1314285714285734,Anger,"['poor', 'service', 'frustration', 'customer', 'part', 'link', 'product']",0.05,0.05,0.05,0.05,0.05,0.05,0.56,0.05
128,2020-06-23T04:49:36.000Z,5.676,3.708,5.774666666666668,Sadness,"['buy', 'camera', 'warranty', 'expire', 'waterproof', 'camera', 'stop', 'work', 'kind', 'product', 'design', 'product', 'market', 'get', 'damage']",0.63,0.04,0.04,0.04,0.04,0.04,0.04,0.04
129,2020-06-07T09:17:45.000Z,6.025384615384616,3.8915384615384614,6.004615384615384,Surprise,"['thanks', 'receive', 'order', 'big', 'delivery', 'service', 'make', 'sure', 'update', 'detail', 'order', 'portal', 'neg-see']",0.03,0.03,0.03,0.03,0.67,0.03,0.03,0.03
130,2020-05-30T16:07:19.000Z,5.399166666666668,3.583333333333333,5.556666666666668,Joy,"['generic', 'info', 'get', 'update', 'order', 'dispatch', 'day', 'take', 'necessary', 'step', 'cancel', 'order']",0.04,0.6,0.04,0.04,0.04,0.04,0.04,0.04
131,2020-05-30T07:13:00.000Z,5.463125,3.98875,5.42125,Sadness,"['disappointed', 'service', 'understand', 'situation', 'short', 'hand', 'neg-take', 'neg-note', 'rudimentary', 'issue', 'consumer', 'tweet', 'resolve', 'like', 'order', 'city']",0.61,0.04,0.04,0.04,0.04,0.04,0.04,0.04
132,2020-05-30T07:08:35.000Z,6.03625,3.569375,5.689375,Trust,"['give', 'way', 'track', 'order', 'fix', 'contact', 'number', 'website', 'respond', 'call', 'suppose', 'know', 'order', 'think', 'situation', 'corporate']",0.03,0.03,0.67,0.03,0.03,0.03,0.03,0.03
133,2020-05-30T07:03:47.000Z,7.64,2.67,6.56,Trust,['care'],0.01,0.01,0.85,0.01,0.01,0.01,0.01,0.01
134,2020-05-30T04:04:25.000Z,5.433333333333334,4.201666666666666,5.565,Joy,"['neg-receive', 'message', 'receive', 'ship', 'warehouse', 'update']",0.04,0.6,0.04,0.04,0.04,0.04,0.04,0.04
135,2020-05-21T16:32:05.000Z,5.54,3.801428571428572,5.4242857142857135,Anger,"['name', 'point', 'website', 'update', 'order', 'mention', 'neg-fix']",0.04,0.04,0.04,0.04,0.04,0.04,0.62,0.04
136,2020-05-21T16:27:47.000Z,5.531818181818181,3.549090909090909,5.548181818181819,Surprise,"['get', 'order', 'status', 'page', 'look', 'fishy', 'neg-expect', 'renowned', 'company', 'share', 'link']",0.04,0.04,0.04,0.04,0.61,0.04,0.04,0.04
137,2020-05-21T16:22:59.000Z,5.19,4.535,5.495,Sadness,"['neg-reply', 'neg-update', 'order', 'request', 'cancel', 'order', 'refund', 'amount']",0.58,0.05,0.05,0.05,0.05,0.05,0.05,0.05
138,2020-05-20T05:31:09.000Z,7.73,4.05,6.72,Trust,['thanks'],0.01,0.01,0.86,0.01,0.01,0.01,0.01,0.01
139,2020-05-19T17:44:31.000Z,5.903125,3.66625,5.988125,Trust,"['let', 'know', 'order', 'detail', 'neg-show', 'order', 'status', 'receive', 'mail', 'thanks', 'order', 'reflect', 'account', 'reply', 'ticket', 'id']",0.03,0.03,0.66,0.03,0.03,0.03,0.03,0.03
141,2020-05-11T03:21:09.000Z,5.6657142857142855,4.0442857142857145,5.847142857142857,Trust,"['safety', 'measure', 'prevent', 'educational', 'institute', 'case', 'close']",0.04,0.04,0.63,0.04,0.04,0.04,0.04,0.04
142,2020-05-10T17:32:46.000Z,5.275,5.525,4.555,Surprise,"['give', 'shot']",0.04,0.04,0.04,0.04,0.59,0.04,0.04,0.04
143,2020-05-10T17:32:07.000Z,5.9910000000000005,4.416,5.1789999999999985,Trust,"['international', 'giveaway', 'time', 'look', 'make', 'quarantine', 'time', 'little', 'fun', 'give']",0.03,0.03,0.67,0.03,0.03,0.03,0.03,0.03
144,2020-05-10T17:29:36.000Z,5.4350000000000005,3.525,5.645,Surprise,"['come', 'second']",0.04,0.04,0.04,0.04,0.6,0.04,0.04,0.04
145,2020-05-09T19:46:08.000Z,6.537142857142857,3.521428571428572,6.2714285714285705,Joy,"['thank', 'cooperation', 'get', 'help', 'get', 'back', 'home']",0.02,0.73,0.02,0.02,0.02,0.02,0.02,0.02
146,2020-05-06T16:36:10.000Z,4.973,4.215,5.267,Surprise,"['government', 'order', 'home', 'quarantine', 'option', 'neg-possible', 'refer', 'original', 'tweet', 'snob']",0.05,0.05,0.05,0.05,0.55,0.05,0.05,0.05
147,2020-05-06T11:02:01.000Z,5.846,4.3900000000000015,5.4620000000000015,Joy,"['sir', 'difficult', 'survive', 'month', 'right']",0.04,0.65,0.04,0.04,0.04,0.04,0.04,0.04
148,2020-05-06T09:52:48.000Z,5.57,4.04,5.276666666666666,Surprise,"['allow', 'home', 'quarantine']",0.04,0.04,0.04,0.04,0.62,0.04,0.04,0.04
149,2020-05-06T08:15:36.000Z,5.2,4.143529411764706,5.196470588235294,Disgust,"['think', 'allow', 'home', 'quarantine', 'allow', 'info', 'mention', 'incorrect', 'make', 'note', 'neg-allow', 'home', 'quarantine', 'block', 'neg-reply', 'address', 'issue']",0.05,0.05,0.05,0.05,0.05,0.05,0.05,0.58
150,2020-05-06T04:44:48.000Z,5.816666666666666,4.073333333333333,5.8566666666666665,Trust,"['sir', 'request', 'reply']",0.04,0.04,0.65,0.04,0.04,0.04,0.04,0.04
151,2020-05-06T04:42:56.000Z,5.5925,3.67,5.263333333333334,Surprise,"['set', 'regulation', 'display', 'date', 'may', 'check', 'paragraph', 'first', 'link', 'discrepancy', 'people', 'confuse']",0.04,0.04,0.04,0.04,0.62,0.04,0.04,0.04
152,2020-05-06T03:45:56.000Z,5.916666666666668,4.168333333333333,5.825,Trust,"['security', 'issue', 'find', 'privacy', 'million', 'stake']",0.03,0.03,0.66,0.03,0.03,0.03,0.03,0.03
153,2020-05-06T03:16:10.000Z,5.883333333333334,3.816666666666667,6.14,Trust,"['request', 'reply', 'comment']",0.04,0.04,0.65,0.04,0.04,0.04,0.04,0.04
154,2020-05-05T14:14:23.000Z,5.632352941176473,4.284117647058824,5.391176470588236,Disgust,"['sir', 'try', 'return', 'hometown', 'state', 'allow', 'go', 'home', 'quarantine', 'ask', 'go', 'quarantine', 'center', 'home', 'neg-external', 'neg-movement', 'help']",0.04,0.04,0.04,0.04,0.04,0.04,0.04,0.63
155,2020-05-05T13:14:53.000Z,6.39,2.95,6.11,Trust,['allow'],0.03,0.03,0.71,0.03,0.03,0.03,0.03,0.03
156,2020-05-05T12:53:56.000Z,5.613333333333332,4.15,5.7125,Trust,"['sir', 'generate', 'image', 'neg-visible', 'think', 'wont', 'valid', 'tell', 'get', 'help', 'plan', 'leave']",0.04,0.04,0.62,0.04,0.04,0.04,0.04,0.04
157,2020-05-04T05:25:32.000Z,6.183333333333334,4.13,5.753333333333334,Fear,"['plan', 'go', 'get']",0.03,0.03,0.03,0.69,0.03,0.03,0.03,0.03
158,2020-04-28T05:26:46.000Z,6.7175,4.44,6.12,Surprise,"['right', 'right', 'way', 'go']",0.02,0.02,0.02,0.02,0.75,0.02,0.02,0.02
159,2020-04-23T10:21:17.000Z,5.620833333333334,3.8241666666666654,5.976666666666668,Joy,"['get', 'deliver', 'slot', 'schedule', 'deliver', 'kudos', 'service', 'previous', 'delivery', 'cancel', 'order', 'id']",0.04,0.62,0.04,0.04,0.04,0.04,0.04,0.04
160,2020-04-23T09:48:25.000Z,5.433333333333334,3.855,5.376666666666668,Sadness,"['neg-block', 'delivery', 'area', 'order', 'get', 'cancel']",0.6,0.04,0.04,0.04,0.04,0.04,0.04,0.04
161,2020-04-17T16:11:16.000Z,5.1025,3.39,5.4575,Joy,"['move', 'clock', 'back', 'hour']",0.05,0.57,0.05,0.05,0.05,0.05,0.05,0.05
162,2020-04-16T04:07:55.000Z,5.339,4.048,5.585,Joy,"['know', 'root', 'cause', 'bias', 'base', 'speculation', 'neg-material', 'general', 'public', 'aware']",0.04,0.59,0.04,0.04,0.04,0.04,0.04,0.04
163,2020-04-15T08:44:14.000Z,5.448235294117646,4.186470588235294,5.701176470588236,Trust,"['agree', 'point', 'believe', 'point', 'right', 'point', 'neg-stop', 'neg-funding', 'link', 'chain', 'discussion', 'look', 'administration', 'level', 'take', 'post', 'crisis']",0.04,0.04,0.61,0.04,0.04,0.04,0.04,0.04
164,2020-04-14T04:45:56.000Z,5.705,3.405,5.9700000000000015,Joy,"['extend', 'may']",0.04,0.63,0.04,0.04,0.04,0.04,0.04,0.04
165,2020-04-11T17:49:38.000Z,5.506363636363636,4.004545454545455,5.716363636363638,Trust,"['increase', 'production', 'test', 'kit', 'production', 'efficiency', 'low', 'compare', 'day', 'peak', 'period']",0.04,0.04,0.61,0.04,0.04,0.04,0.04,0.04
166,2020-04-09T14:50:08.000Z,4.65,4.642,4.756,Anger,"['lion', 'mob', 'people', 'fill', 'frustration']",0.05,0.05,0.05,0.05,0.05,0.05,0.52,0.05
167,2020-03-30T14:19:13.000Z,4.2925,4.5825,5.5925,Fear,"['trump', 'say', 'die', 'do']",0.06,0.06,0.06,0.48,0.06,0.06,0.06,0.06
168,2020-03-29T13:35:31.000Z,5.33,3.436666666666667,5.93,Joy,"['graph', 'basic', 'equation']",0.04,0.59,0.04,0.04,0.04,0.04,0.04,0.04
169,2020-03-29T05:25:55.000Z,5.5955555555555545,3.971111111111111,5.907777777777778,Fear,"['news', 'show', 'different', 'part', 'country', 'solution', 'use', 'country', 'implement']",0.04,0.04,0.04,0.62,0.04,0.04,0.04,0.04
170,2020-03-29T04:55:09.000Z,6.5440000000000005,4.1560000000000015,6.182,Trust,"['trust', 'look', 'winner', 'list', 'month']",0.02,0.02,0.73,0.02,0.02,0.02,0.02,0.02
171,2020-03-25T06:26:51.000Z,5.5695,4.062,5.5195,Fear,"['steel', 'industry', 'shut', 'turn', 'would', 'cause', 'huge', 'loss', 'provide', 'package', 'company', 'support', 'need', 'keep', 'run', 'day', 'vital', 'save', 'steel', 'export']",0.04,0.04,0.04,0.62,0.04,0.04,0.04,0.04
172,2020-03-20T11:14:57.000Z,5.110769230769232,3.983846153846154,5.211538461538462,Joy,"['seem', 'resolve', 'confirm', 'person', 'check', 'confirm', 'gas', 'leak', 'mention', 'close', 'ticket', 'neg-receive', 'neg-update']",0.05,0.57,0.05,0.05,0.05,0.05,0.05,0.05
173,2020-03-14T08:52:32.000Z,6.0190909090909095,3.827272727272727,5.92,Trust,"['service', 'point', 'warranty', 'would', 'like', 'know', 'trust', 'product', 'fail', 'like', 'year']",0.03,0.03,0.67,0.03,0.03,0.03,0.03,0.03
174,2020-03-14T08:49:58.000Z,5.637272727272728,3.91,5.56,Joy,"['warranty', 'year', 'buy', 'find', 'gas', 'leak', 'technician', 'go', 'fix', 'request', 'id']",0.04,0.63,0.04,0.04,0.04,0.04,0.04,0.04
175,2020-01-25T08:49:07.000Z,5.975,3.91,5.465,Joy,"['moment', 'contest']",0.03,0.66,0.03,0.03,0.03,0.03,0.03,0.03
176,2020-01-25T04:41:42.000Z,5.53875,4.6025,5.69,Trust,"['mistake', 'quiz', 'correct', 'answer', 'first', 'question', 'neg-let', 'fix']",0.04,0.04,0.62,0.04,0.04,0.04,0.04,0.04
177,2019-10-30T01:41:32.000Z,5.38,4.62,5.426666666666668,Anticipation,"['neg-update', 'plan', 'update']",0.04,0.04,0.04,0.04,0.04,0.6,0.04,0.04
178,2019-10-28T12:56:48.000Z,5.261111111111111,3.8972222222222217,5.4305555555555545,Anger,"['highness', 'explain', 'statement', 'make', 'precious', 'restaurant', 'mess', 'past', 'order', 'give', 'incorrect', 'item', 'miss', 'item', 'come', 'customer', 'fault', 'mess']",0.05,0.05,0.05,0.05,0.05,0.05,0.58,0.05
179,2019-09-16T05:44:49.000Z,6.27,4.528888888888889,5.732222222222222,Fear,"['asphalt', 'summer', 'tournament', 'world', 'champion', 'racer', 'show', 'ability', 'see']",0.03,0.03,0.03,0.7,0.03,0.03,0.03,0.03
180,2019-08-31T03:55:12.000Z,5.4875,4.05,5.2925,Anticipation,"['big', 'asphalt', 'event', 'come']",0.04,0.04,0.04,0.04,0.04,0.61,0.04,0.04
181,2019-07-21T04:01:47.000Z,5.6579999999999995,4.392,6.04,Anticipation,"['asphalt', 'try', 'win', 'car', 'livery']",0.04,0.04,0.04,0.04,0.04,0.63,0.04,0.04
182,2019-07-13T09:41:07.000Z,6.11,4.108888888888889,5.772222222222222,Anticipation,"['club', 'member', 'legion', 'unite', 'join', 'security', 'force', 'play', 'legend']",0.03,0.03,0.03,0.03,0.03,0.68,0.03,0.03
183,2019-06-23T16:15:33.000Z,5.694166666666668,3.764166666666666,5.1525,Surprise,"['bunch', 'hacker', 'remove', 'week', 'seem', 'like', 'keep', 'pop', 'back', 'find', 'play', 'hacker']",0.04,0.04,0.04,0.04,0.63,0.04,0.04,0.04
184,2019-06-10T15:23:22.000Z,5.708571428571429,4.08,5.54,Trust,"['thanks', 'quick', 'escalation', 'mention', 'info', 'user', 'go']",0.04,0.04,0.63,0.04,0.04,0.04,0.04,0.04
185,2019-06-09T17:07:32.000Z,5.615,3.999,5.895,Anger,"['customer', 'care', 'update', 'wallet', 'hour', 'due', 'technical', 'issue', 'say', 'look']",0.04,0.04,0.04,0.04,0.04,0.04,0.62,0.04
186,2019-05-27T15:08:48.000Z,5.32,4.175,5.265,Joy,"['asphalt', 'session', 'one', 'end', 'first', 'hope', 'rank', 'neg-good']",0.04,0.59,0.04,0.04,0.04,0.04,0.04,0.04
187,2019-05-27T12:55:18.000Z,7.86,6.05,7.11,Trust,['awesome'],0.0,0.0,0.87,0.0,0.0,0.0,0.0,0.0
188,2019-04-03T03:20:32.000Z,3.36,4.43,4.18,Trust,['error'],0.08,0.08,0.37,0.08,0.08,0.08,0.08,0.08
189,2019-03-25T16:38:23.000Z,5.76,4.1675,5.71,Trust,"['mean', 'friend', 'great', 'keep']",0.04,0.04,0.64,0.04,0.04,0.04,0.04,0.04
190,2019-03-25T12:08:49.000Z,7.73,4.05,6.72,Joy,['thanks'],0.01,0.86,0.01,0.01,0.01,0.01,0.01,0.01
191,2019-03-22T02:04:35.000Z,5.95,4.1762500000000005,6.44125,Joy,"['bull', 'pay', 'respect', 'color', 'paint', 'pink', 'paint', 'cow']",0.03,0.66,0.03,0.03,0.03,0.03,0.03,0.03
192,2019-03-22T01:58:47.000Z,6.6375,4.3125,6.2625,Surprise,"['bull', 'love', 'play', 'color']",0.02,0.02,0.02,0.02,0.74,0.02,0.02,0.02
193,2019-03-20T03:59:03.000Z,6.14,3.86,6.28,Surprise,['plan'],0.03,0.03,0.03,0.03,0.68,0.03,0.03,0.03
194,2019-03-19T14:59:41.000Z,6.38,4.0554545454545465,5.849090909090909,Surprise,"['month', 'play', 'asphalt', 'good', 'know', 'skill', 'play', 'race', 'thanks', 'fuel', 'event']",0.03,0.03,0.03,0.03,0.71,0.03,0.03,0.03
195,2019-03-18T09:33:22.000Z,5.931666666666668,3.84,5.4783333333333335,Fear,"['start', 'play', 'good', 'distraction', 'asphalt', 'series']",0.03,0.03,0.03,0.66,0.03,0.03,0.03,0.03
196,2019-02-17T03:08:09.000Z,6.81,4.618,5.716,Joy,"['life', 'wake', 'game', 'game', 'sleep']",0.02,0.76,0.02,0.02,0.02,0.02,0.02,0.02
197,2019-02-06T04:25:01.000Z,6.855,4.275,6.1400000000000015,Joy,"['congrats', 'deserve']",0.02,0.76,0.02,0.02,0.02,0.02,0.02,0.02
198,2019-01-22T10:04:06.000Z,4.46,3.2,4.62,Joy,['asphalt'],0.06,0.5,0.06,0.06,0.06,0.06,0.06,0.06
199,2019-01-01T13:17:18.000Z,5.154999999999999,3.545,5.165,Surprise,"['asphalt', 'update']",0.05,0.05,0.05,0.05,0.57,0.05,0.05,0.05
200,2018-11-13T16:58:40.000Z,5.125,4.125,4.875,Trust,"['asphalt', 'amp']",0.05,0.05,0.57,0.05,0.05,0.05,0.05,0.05
202,2018-10-23T00:34:54.000Z,5.896923076923077,4.263846153846154,5.95,Trust,"['say', 'want', 'sit', 'screen', 'post', 'lap', 'prove', 'neg-hacker', 'neg-time', 'think', 'want', 'great', 'day']",0.03,0.03,0.66,0.03,0.03,0.03,0.03,0.03
203,2018-10-20T02:19:28.000Z,6.4,4.056842105263158,5.725263157894738,Joy,"['receive', 'big', 'one', 'amaze', 'one', 'cool', 'one', 'bullet', 'wireless', 'thank', 'amazing', 'prize', 'download', 'asphalt', 'asphalt', 'start', 'play', 'new', 'phone']",0.03,0.71,0.03,0.03,0.03,0.03,0.03,0.03
204,2018-08-04T14:21:36.000Z,6.1890909090909085,4.301818181818182,5.792727272727273,Anger,"['start', 'sound', 'quality', 'awesome', 'would', 'expect', 'get', 'use', 'switch', 'wireless', 'use']",0.03,0.03,0.03,0.03,0.03,0.03,0.69,0.03
205,2018-07-29T16:24:55.000Z,6.2325,4.5025,6.025,Joy,"['receive', 'bullet', 'wireless', 'thank', 'wait', 'big', 'prize', 'arrive']",0.03,0.69,0.03,0.03,0.03,0.03,0.03,0.03
206,2018-07-25T04:18:28.000Z,5.851666666666668,4.37,5.726666666666668,Trust,"['follow', 'path', 'legend', 'launch', 'asphalt', 'legend']",0.04,0.04,0.65,0.04,0.04,0.04,0.04,0.04
207,2018-07-23T15:33:06.000Z,5.96375,3.7475,5.94,Trust,"['big', 'match', 'effortless', 'speed', 'asphalt', 'cup', 'include', 'place']",0.03,0.03,0.66,0.03,0.03,0.03,0.03,0.03
208,2018-07-23T08:46:37.000Z,7.1979999999999995,4.502,6.564,Surprise,"['thank', 'organize', 'event', 'fun', 'experience']",0.01,0.01,0.01,0.01,0.8,0.01,0.01,0.01
209,2018-07-19T16:57:57.000Z,5.6075,3.845,5.8025,Anticipation,"['mantra', 'asphalt', 'legend', 'come']",0.04,0.04,0.04,0.04,0.04,0.62,0.04,0.04
210,2018-07-11T01:21:29.000Z,5.942857142857143,4.007857142857144,5.3078571428571415,Joy,"['asphalt', 'one', 'phase', 'thank', 'race', 'help', 'master', 'one', 'cave', 'trick', 'believe', 'get', 'top', 'event']",0.03,0.66,0.03,0.03,0.03,0.03,0.03,0.03
211,2018-07-11T01:16:03.000Z,5.355,3.68,5.8450000000000015,Surprise,"['put', 'android']",0.04,0.04,0.04,0.04,0.6,0.04,0.04,0.04
212,2018-07-07T14:29:05.000Z,5.621666666666666,3.841666666666667,6.053333333333333,Surprise,"['fill', 'form', 'race', 'fill', 'form', 'lap']",0.04,0.04,0.04,0.04,0.62,0.04,0.04,0.04
213,2018-07-07T08:05:06.000Z,6.408571428571428,4.864285714285714,5.692857142857143,Anticipation,"['discover', 'race', 'tech', 'asphalt', 'legend', 'new', 'reward']",0.03,0.03,0.03,0.03,0.03,0.71,0.03,0.03
214,2018-07-05T16:26:06.000Z,4.574,4.694,4.65,Trust,"['reach', 'end', 'neg-need', 'neg-perfect', 'nitro']",0.06,0.06,0.51,0.06,0.06,0.06,0.06,0.06
215,2018-07-05T14:18:37.000Z,5.213636363636363,4.5181818181818185,5.247272727272726,Joy,"['use', 'perfect', 'nitro', 'time', 'example', 'advise', 'neg-use', 'neg-perfect', 'neg-race', 'start', 'race']",0.05,0.58,0.05,0.05,0.05,0.05,0.05,0.05
216,2018-07-05T09:22:31.000Z,5.799090909090909,4.148181818181818,5.3136363636363635,Joy,"['thank', 'phase', 'race', 'require', 'poor', 'nitro', 'duration', 'play', 'race', 'believe', 'morning']",0.04,0.64,0.04,0.04,0.04,0.04,0.04,0.04
217,2018-07-05T01:04:48.000Z,5.93625,3.98375,5.49625,Surprise,"['extra', 'tank', 'first', 'day', 'single', 'tank', 'decide', 'go']",0.03,0.03,0.03,0.03,0.66,0.03,0.03,0.03
218,2018-07-04T04:54:42.000Z,6.55,3.38,4.67,Trust,['check'],0.02,0.02,0.73,0.02,0.02,0.02,0.02,0.02
219,2018-07-03T12:03:58.000Z,5.948,3.557,5.767,Trust,"['would', 'great', 'publish', 'point', 'past', 'round', 'one', 'round', 'result', 'come']",0.03,0.03,0.66,0.03,0.03,0.03,0.03,0.03
220,2018-07-03T11:29:32.000Z,5.95,4.031666666666666,6.091666666666668,Anticipation,"['fasten', 'seat', 'belt', 'round', 'start', 'excited']",0.03,0.03,0.03,0.03,0.03,0.66,0.03,0.03
221,2018-07-02T04:25:30.000Z,6.0575,3.83125,5.68625,Joy,"['asphalt', 'one', 'phase', 'android', 'hope', 'get', 'weekly', 'prize']",0.03,0.67,0.03,0.03,0.03,0.03,0.03,0.03
222,2018-06-29T15:38:08.000Z,6.196666666666667,4.34,5.678333333333333,Anticipation,"['new', 'era', 'arcade', 'begin', 'asphalt', 'legend']",0.03,0.03,0.03,0.03,0.03,0.69,0.03,0.03
223,2018-05-06T10:54:41.000Z,6.486666666666666,3.286666666666666,6.053333333333334,Trust,"['republic', 'thank', 'support']",0.03,0.03,0.72,0.03,0.03,0.03,0.03,0.03
224,2018-04-26T06:24:07.000Z,5.871666666666666,4.741666666666667,4.77,Surprise,"['new', 'asphalt', 'neg-wait', 'neg-beat', 'giveaway', 'contest']",0.04,0.04,0.04,0.04,0.65,0.04,0.04,0.04
225,2018-01-30T04:13:59.000Z,5.986666666666666,4.391666666666667,5.7650000000000015,Joy,"['justice', 'league', 'preview', 'superman', 'cameo', 'theory']",0.03,0.67,0.03,0.03,0.03,0.03,0.03,0.03
226,2018-01-04T17:18:51.000Z,6.92,3.96,6.2733333333333325,Joy,"['let', 'fun', 'begin']",0.02,0.77,0.02,0.02,0.02,0.02,0.02,0.02
228,2017-10-24T11:03:30.000Z,5.695,4.375,5.395,Trust,"['workshop', 'book', 'ticket', 'neg-link']",0.04,0.04,0.63,0.04,0.04,0.04,0.04,0.04
229,2017-09-05T10:43:35.000Z,5.85,3.9325,5.425,Joy,"['join', 'sign', 'compete', 'university']",0.04,0.65,0.04,0.04,0.04,0.04,0.04,0.04
231,2017-09-04T15:04:23.000Z,5.89,4.3039999999999985,5.74,Trust,"['get', 'remember', 'need', 'speed', 'underground']",0.04,0.04,0.65,0.04,0.04,0.04,0.04,0.04
